AbrilFatface | Regular | AbrilFatface-Regular.ttf
Comfortaa | Bold | Comfortaa-Bold.ttf
Comfortaa | Light | Comfortaa-Light.ttf
Comfortaa | Regular | Comfortaa-Regular.ttf
NotoSans | Bold | NotoSans-Bold.ttf
NotoSans | BoldItalic | NotoSans-BoldItalic.ttf
NotoSans | Italic | NotoSans-Italic.ttf
NotoSans | Regular | NotoSans-Regular.ttf
NotoSerif | Bold | NotoSerif-Bold.ttf
NotoSerif | BoldItalic | NotoSerif-BoldItalic.ttf
NotoSerif | Italic | NotoSerif-Italic.ttf
NotoSerif | Regular | NotoSerif-Regular.ttf
OpenSans | Bold | OpenSans-Bold.ttf
OpenSans | BoldItalic | OpenSans-BoldItalic.ttf
OpenSans | ExtraBold | OpenSans-ExtraBold.ttf
OpenSans | ExtraBoldItalic | OpenSans-ExtraBoldItalic.ttf
OpenSans | Italic | OpenSans-Italic.ttf
OpenSans | Light | OpenSans-Light.ttf
OpenSans | LightItalic | OpenSans-LightItalic.ttf
OpenSans | Regular | OpenSans-Regular.ttf
OpenSans | SemiBold | OpenSans-SemiBold.ttf
OpenSans | SemiBoldItalic | OpenSans-SemiBoldItalic.ttf
PatuaOne | Regular | PatuaOne-Regular.ttf
Roboto | Black | Roboto-Black.ttf
Roboto | BlackItalic | Roboto-BlackItalic.ttf
Roboto | Bold | Roboto-Bold.ttf
Roboto | BoldItalic | Roboto-BoldItalic.ttf
Roboto | Italic | Roboto-Italic.ttf
Roboto | Light | Roboto-Light.ttf
Roboto | LightItalic | Roboto-LightItalic.ttf
Roboto | Medium | Roboto-Medium.ttf
Roboto | MediumItalic | Roboto-MediumItalic.ttf
Roboto | Regular | Roboto-Regular.ttf
Roboto | Thin | Roboto-Thin.ttf
Roboto | ThinItalic | Roboto-ThinItalic.ttf
RobotoCondensed | Bold | RobotoCondensed-Bold.ttf
RobotoCondensed | BoldItalic | RobotoCondensed-BoldItalic.ttf
RobotoCondensed | Italic | RobotoCondensed-Italic.ttf
RobotoCondensed | Light | RobotoCondensed-Light.ttf
RobotoCondensed | LightItalic | RobotoCondensed-LightItalic.ttf
RobotoCondensed | Regular | RobotoCondensed-Regular.ttf
RobotoMono | Bold | RobotoMono-Bold.ttf
RobotoMono | BoldItalic | RobotoMono-BoldItalic.ttf
RobotoMono | Italic | RobotoMono-Italic.ttf
RobotoMono | Light | RobotoMono-Light.ttf
RobotoMono | LightItalic | RobotoMono-LightItalic.ttf
RobotoMono | Medium | RobotoMono-Medium.ttf
RobotoMono | MediumItalic | RobotoMono-MediumItalic.ttf
RobotoMono | Regular | RobotoMono-Regular.ttf
RobotoMono | Thin | RobotoMono-Thin.ttf
RobotoMono | ThinItalic | RobotoMono-ThinItalic.ttf
Symbola | Regular | Symbola-Regular.ttf
Unifont | Regular | Unifont-11.0.03.ttf
